0;potap50;Степан Герасимович Кузнецов
1;kliment56;Сократ Харлампович Филатов
2;komissarovamarija;Веселов Никифор Иосифович
3;seleznevprohor;Матвеев Прокофий Ааронович
4;egorkudrjashov;Марк Жанович Кузьмин
5;fade2017;Нинель Леонидовна Воронова
6;bobrovdavid;Петухова Агата Геннадиевна
7;savva_75;Архип Антонович Смирнов
8;mstislav_12;Дорофеева Фёкла Юрьевна
9;beljakovaljudmila;Беляев Никифор Фадеевич
10;fominvlas;Боброва Олимпиада Васильевна
11;antonin2009;Фрол Юлианович Семенов
12;mitofan_95;Александра Игоревна Антонова
13;gfedoseev;Дорофеев Мина Ильясович
14;fedoseevsidor;Мариан Борисович Аксенов
15;jaropolk_08;Фока Ярославович Фадеев
16;moisekoshelev;Мухин Ярослав Филимонович
17;savelevmodest;Дьячкова Тамара Алексеевна
18;gedeon_2010;Лукия Аскольдовна Давыдова
19;ashcherbakova;Силина Синклитикия Вячеславовна
20;faina1975;Дементьева Таисия Ильинична
21;filippovavarvara;Тамара Никифоровна Князева
22;konovalovsilvestr;Гаврилова Агата Филипповна
23;dignatev;Элеонора Рудольфовна Кабанова
24;mihalovjan;Фомина Маргарита Юрьевна
25;kornilovvisheslav;Попов Мефодий Данилович
26;sharovtihon;Натан Захарьевич Титов
27;ribakovataisija;Архип Исидорович Горшков
28;milovan69;Симонов Якуб Ильясович
29;olimpiprohorov;Сафонов Радован Герасимович
30;juvenaliodintsov;Громова Евпраксия Вадимовна
31;solovevkornil;Алла Матвеевна Антонова
32;zoja_1989;Леонтий Августович Харитонов
33;kovalevvatslav;Марфа Альбертовна Кузнецова
34;borisovkuprijan;Валерия Викторовна Самсонова
35;danilovefrem;г-жа Гусева Акулина Матвеевна
36;xponomareva;Болеслав Филатович Савин
37;konovalovsila;Афанасьев Леонтий Яковлевич
38;tgusev;Давыд Фролович Потапов
39;vinogradovmilen;Гусева Агата Тимофеевна
40;grigorevaantonina;Парамон Тихонович Ильин
41;kulikovjulian;Уварова Лукия Аркадьевна
42;evgenija_63;Федосеева Синклитикия Аскольдовна
43;nikanor09;Герасим Аверьянович Виноградов
44;fominvalentin;Сидоров Ярослав Данилович
45;jakovlevaalla;Поляков Спартак Георгиевич
46;fadenovikov;Исаев Устин Елизарович
47;stepanovafaina;Александр Харлампьевич Тихонов
48;sharovafaina;Федосеев Всеволод Марсович
49;ratmirisakov;Фаина Вадимовна Гаврилова
50;kondratevserge;Елисеев Каллистрат Ануфриевич
51;nosovorest;Марина Матвеевна Орехова
52;mechislav_1975;Мирослав Еремеевич Соболев
53;galina_2021;Капитон Харитонович Щукин
54;anekrasov;Алина Натановна Шарапова
55;kapiton1972;Петухова Надежда Мироновна
56;sofija48;Мишин Селиван Артурович
57;avdeevaagafja;Лихачева Анастасия Сергеевна
58;militsa_2016;Олег Витальевич Романов
59;nikitaabramov;Святослав Жоресович Лапин
60;stepanovavtonom;Велимир Игоревич Авдеев
61;anisimovzahar;Ермаков Антонин Викентьевич
62;mili_2017;Данилова Дарья Владимировна
63;innokenti77;Тимофеев Ираклий Ерофеевич
64;evse2015;Евгений Антипович Одинцов
65;silvestr2003;Исай Афанасьевич Голубев
66;narkisknjazev;Эмилия Мироновна Калашникова
67;vissarionmelnikov;Майя Тимофеевна Коновалова
68;ladislav_57;Святополк Архипович Моисеев
69;isoboleva;Ия Оскаровна Овчинникова
70;belovprokl;Фёкла Рудольфовна Сидорова
71;medvedevmoise;Трофим Дмитриевич Доронин
72;petr1990;Ратмир Ярославович Сергеев
73;ostromir_63;Андреев Родион Гордеевич
74;sinklitikija_1995;Захаров Мефодий Феоктистович
75;alekseevaekaterina;Яковлев Ратибор Феликсович
76;osipovrostislav;Вероника Евгеньевна Костина
77;gavrilovaeleonora;г-жа Никифорова Мария Архиповна
78;selivan98;Красильников Амвросий Юлианович
79;belozerovpahom;Власов Савва Валерьевич
80;egor_73;Евграф Борисович Евсеев
81;vtretjakov;Бронислав Анатольевич Зимин
82;kazimir_13;Комарова Виктория Георгиевна
83;nekrasovleon;Мясников Ювеналий Данилович
84;erast43;Вероника Евгеньевна Брагина
85;leonid42;Матвеев Остромир Авдеевич
86;taisija1982;Ия Геннадьевна Федорова
87;qpanov;Аксенова Виктория Егоровна
88;evse68;Родион Артёмович Рыбаков
89;florentinmishin;Дорофеева Вероника Дмитриевна
90;osipovaninel;Сазонов Евграф Александрович
91;frol_1970;Ян Теймуразович Юдин
92;fokinagap;Дементий Феодосьевич Крюков
93;jvlasov;г-н Третьяков Антип Матвеевич
94;tvorimirloginov;Александрова Евфросиния Матвеевна
95;kuzma_21;Данила Фокич Владимиров
96;mfedorov;Моисеев Любомир Харлампьевич
97;selivan_28;Алина Сергеевна Кабанова
98;muravevisa;Анисим Викторович Куликов
99;milovan_23;Константинов Андрон Феодосьевич
100;averjan2019;Дарья Леонидовна Колесникова
101;kotovkir;Полина Борисовна Наумова
102;sidor_2012;Фомин Савватий Тарасович
103;fedorovaelena;Аркадий Ефстафьевич Павлов
104;gleb_60;Федоров Станимир Гавриилович
105;eduard57;Карп Фролович Мамонтов
106;narkisorlov;Екатерина Васильевна Голубева
107;guljaevsolomon;Святослав Ефстафьевич Субботин
108;visheslavrjabov;Иванна Вениаминовна Кузнецова
109;kirill_2017;Ширяева Ксения Тарасовна
110;dkulagina;Захаров Дорофей Демидович
111;egorovzahar;Капустина Зоя Робертовна
112;arhipkrasilnikov;Афанасий Еремеевич Ильин
113;dementevazhanna;Лобанова Елена Наумовна
114;ukotov;Нина Владиславовна Анисимова
115;gtarasov;Доброслав Витальевич Бирюков
116;kornilovvalentin;Федоров Фортунат Артёмович
117;egor49;Тамара Анатольевна Александрова
118;nazar_62;Тарасов Иосиф Харлампович
119;kozlovadrian;Семенов Ермолай Гурьевич
120;silinaeleonora;Фомичева Наталья Кузьминична
121;avdeevaeleonora;Любовь Алексеевна Коновалова
122;sharovatatjana;Журавлева Надежда Владимировна
123;kim1988;Титов Демьян Бенедиктович
124;nikodim_26;Денисова Лора Романовна
125;radislavanisimov;Мария Аскольдовна Сидорова
126;raisa_1995;Калинина Агафья Эльдаровна
127;izjaslav_1986;Доронин Феоктист Артёмович
128;filipp_1984;Блохина Марина Ниловна
129;ndoronina;Баранов Леонтий Андреевич
130;dementi64;Татьяна Александровна Соловьева
131;burovroman;Зуева Октябрина Даниловна
132;gusevluka;Бобылева Лидия Борисовна
133;radim83;г-жа Селиверстова Любовь Аркадьевна
134;grigoriribakov;Герасимов Артемий Аверьянович
135;veniamin_1992;Силин Евграф Артёмович
136;foka_61;Павлов Сильвестр Теймуразович
137;seliverst_1987;Лариса Павловна Нестерова
138;ruben1985;Зинаида Семеновна Зыкова
139;lmakarov;Жукова Пелагея Федоровна
140;vladlen29;Евдоким Авдеевич Степанов
141;titkiselev;Ростислав Бориславович Журавлев
142;temeljanov;Андрей Ильясович Евсеев
143;budimirkiselev;Тамара Кузьминична Чернова
144;artemi2019;Гурьев Аникей Федосеевич
145;suvorovefrem;Шилова Елена Рудольфовна
146;upahomov;Синклитикия Альбертовна Бурова
147;okabanov;Тамара Игоревна Федорова
148;ljubim2000;Зиновий Феоктистович Кабанов
149;savvati67;Котова Элеонора Феликсовна
150;gremislav_1971;Афиноген Харламович Жуков
151;merkushevaregina;Милица Альбертовна Веселова
152;mitofan_77;Кира Тимофеевна Потапова
153;matve2003;Алевтина Леонидовна Горшкова
154;afanasevernst;Котова Антонина Болеславовна
155;kopilovvikenti;Журавлев Святополк Дмитриевич
156;gerasimovevstafi;Воронов Сергей Ефстафьевич
157;safonovselivan;Копылов Творимир Авдеевич
158;eliseevgavrila;Любовь Никифоровна Доронина
159;nadezhda_1993;г-жа Кулагина Ираида Владиславовна
160;osipoveduard;Боброва Глафира Викторовна
161;xterentev;Боброва Алевтина Антоновна
162;longinkabanov;Николаев Иван Матвеевич
163;afanasi_1996;Ксения Григорьевна Суханова
164;maksim_2011;Фёкла Георгиевна Дьячкова
165;yrjabova;Марина Тарасовна Фомина
166;grigoribeljakov;Антонина Тимуровна Богданова
167;potap_21;тов. Галкин Орест Филатович
168;veronika40;Виктор Иосипович Цветков
169;osipovkuzma;Зимин Радим Давыдович
170;ermakovfortunat;Юлия Валентиновна Русакова
171;savinavalentina;Элеонора Никифоровна Мельникова
172;faina_10;Эрнст Германович Воробьев
173;anzhelika_1974;Лихачева Алевтина Максимовна
174;trofimovjulian;Иван Григорьевич Дроздов
175;akulina2016;Алевтина Романовна Тимофеева
176;savvati_84;Пахом Феодосьевич Сорокин
177;iarhipov;Мина Артёмович Рыбаков
178;lavrentevaevfrosinija;Олимпиада Руслановна Блинова
179;rkuznetsov;Григорий Матвеевич Анисимов
180;leon46;Ульяна Степановна Горбунова
181;jan_1976;Емельян Ефстафьевич Фомичев
182;kirillovafekla;Феоктист Валентинович Шубин
183;simonershov;Зоя Семеновна Мамонтова
184;grishinaveronika;Всеслав Гордеевич Борисов
185;komissarovaaleksandra;Чернова Василиса Максимовна
186;zhanna2005;Амвросий Архипович Куликов
187;marian2017;Потапов Любосмысл Еремеевич
188;xkapustin;Рогов Исидор Бенедиктович
189;frolovlev;Гущин Нифонт Игоревич
190;simonovaangelina;Тимофеева Ангелина Станиславовна
191;pestovasofija;Элеонора Натановна Зимина
192;longin1979;Софрон Харлампович Емельянов
193;kirill1975;Кошелева Ия Леонидовна
194;ustinovtimur;Анастасия Харитоновна Сидорова
195;leonid22;Герасим Захарьевич Белов
196;kulakovsvjatopolk;Дьячков Константин Венедиктович
197;filimon_1991;Герасимова Алина Вадимовна
198;gavrila74;Фокина Агата Альбертовна
199;moke_99;г-жа Белозерова Надежда Альбертовна
200;uljana_2000;Агап Филимонович Веселов
201;filimonbogdanov;Анастасия Васильевна Рябова
202;lavrenti1981;Ираида Егоровна Герасимова
203;lzikova;Феврония Мироновна Лапина
204;grigorevasofija;Эрнест Филатович Якушев
205;izjaslav_47;Зимин Мартьян Тихонович
206;veniaminfomin;Григорьев Иван Жоресович
207;voronovaevdokija;Лазарь Димитриевич Емельянов
208;ershovkuprijan;Александра Тимофеевна Носкова
209;nikiforovamargarita;Якушева Агафья Тимуровна
210;rostislav2010;Любовь Святославовна Аксенова
211;pahomovavasilisa;Сергеева Антонина Олеговна
212;vatslav_2010;Чернова Глафира Игоревна
213;mjasnikovjuri;Филарет Демидович Лебедев
214;ljubosmisl_2007;Суханова Таисия Юрьевна
215;kirillovaanzhela;Сигизмунд Гаврилович Симонов
216;kondratinazarov;Капустин Константин Глебович
217;anikita1984;тов. Сазонов Натан Ефстафьевич
218;suvorovsolomon;Герасимов Варлаам Харлампьевич
219;beljakovvseslav;Автоном Федотович Некрасов
220;matve_83;г-жа Крюкова Марина Оскаровна
221;svjatopolkvoronov;Лукин Наум Гертрудович
222;jakovnikonov;Шашков Арсений Елисеевич
223;vladimir_32;Волкова Евпраксия Станиславовна
224;cguljaev;Остромир Аксёнович Тихонов
225;jakushevaevdokija;Одинцов Моисей Захарьевич
226;selivansisoev;Агата Ждановна Осипова
227;prohor1972;Брагина София Альбертовна
228;blohinizmail;Касьян Антонович Колобов
229;krasilnikovakira;Пелагея Борисовна Меркушева
230;sidorzhukov;Миронов Зиновий Александрович
231;koshelevamilitsa;Кузнецов Дмитрий Богданович
232;kostinbudimir;Копылов Святослав Эдуардович
233;gennadi_2015;Никита Бориславович Голубев
234;evdokimaleksandrov;Нина Захаровна Овчинникова
235;konon_36;Зимина Маргарита Николаевна
236;voronovavalentina;Шашков Лука Иосифович
237;agata1975;Пелагея Владиславовна Смирнова
238;mjasnikovostromir;Степанов Анатолий Захарьевич
239;nazar40;Кондратьева Александра Болеславовна
240;arkadidoronin;Елена Эдуардовна Мельникова
241;dementevjan;Кудрявцев Александр Игнатович
242;budimir1989;Белоусова Ираида Леонидовна
243;mihalovnifont;Нонна Максимовна Захарова
244;bfilippova;Мирослав Демидович Одинцов
245;dorofe43;Галина Кузьминична Блинова
246;pvinogradov;Овчинников Платон Евсеевич
247;zhukovsavva;Рюрик Вячеславович Жданов
248;ratibor1978;Костина Иванна Захаровна
249;nikanor_79;Синклитикия Тимофеевна Николаева
250;svetlana_21;Котов Филарет Владиленович
251;margarita_23;Федотова Светлана Павловна
252;ilinparamon;Некрасова Агата Романовна
253;subbotinaelena;Иван Еремеевич Орехов
254;gordeustinov;Чернова Евфросиния Львовна
255;timofeevljubomir;Горбунов Венедикт Елисеевич
256;dvasilev;Оксана Тимуровна Борисова
257;avksentiuvarov;Фаина Аскольдовна Селезнева
258;kabanovjuri;Мишин Афанасий Евсеевич
259;wmolchanov;Валерия Станиславовна Логинова
260;pelageja1987;Аксенова Пелагея Леоновна
261;izjaslavkonstantinov;Журавлев Наркис Ильич
262;lavrenti1999;Доброслав Афанасьевич Яковлев
263;beljaevaklavdija;Пелагея Захаровна Давыдова
264;afinogen_96;Добромысл Матвеевич Галкин
265;kulaginsvjatoslav;Молчанов Кир Анисимович
266;apollon_1992;Жуков Аверкий Ефстафьевич
267;leon_1979;Комаров Добромысл Васильевич
268;mitofan_80;Артемий Абрамович Кузнецов
269;volkovaviktorija;Екатерина Наумовна Логинова
270;ovlasov;Беляков Лев Артемьевич
271;ivasilev;Дементий Брониславович Селезнев
272;bogdan_21;Марина Евгеньевна Антонова
273;ignatovinnokenti;Ермолай Игнатьевич Авдеев
274;erofe13;Милован Терентьевич Шашков
275;suhanovdementi;тов. Новикова Раиса Григорьевна
276;afanasevrostislav;Селиван Демьянович Галкин
277;stojan94;Елизар Артёмович Панов
278;smirnovjuri;Михей Трофимович Федоров
279;fedosi_2018;Носков Владлен Харлампьевич
280;mechislavkornilov;Лариса Феликсовна Журавлева
281;bsorokin;Данила Ерофеевич Романов
282;natan_45;Евдокимова Валентина Николаевна
283;georgi1978;Крылова Лариса Леонидовна
284;kopilovaljubov;Твердислав Гавриилович Егоров
285;kuzminadarja;Лукин Панфил Викентьевич
286;arefi1973;Белоусова Наталья Юрьевна
287;mihalovgalaktion;Лазарь Давыдович Корнилов
288;kononribakov;Наталья Наумовна Емельянова
289;gerasimovklavdi;Фомичев Ювеналий Германович
290;ekulagina;Анастасия Григорьевна Морозова
291;dsidorova;Ильин Чеслав Бенедиктович
292;erofe2002;г-жа Савина Ксения Ильинична
293;aggeshcherbakov;Кудрявцева Валерия Юльевна
294;haritonovfoti;Кононова Ольга Кузьминична
295;kalashnikovdanila;Ситникова Нина Эльдаровна
296;anisimovnaum;Ильина Василиса Даниловна
297;nuvarov;Прохорова Дарья Леоновна
298;ratiborstepanov;Богданова Юлия Валериевна
299;bmorozova;Еремей Чеславович Власов
300;gusevsimon;Семен Зиновьевич Колобов
301;orest1980;Константинова Ксения Филипповна
302;boleslavkotov;Селиверстов Павел Димитриевич
303;vjacheslav54;Тимур Игоревич Мартынов
304;marfa2006;Гуляев Парамон Бориславович
305;mstislavshilov;Беспалова Ольга Болеславовна
306;shubinmartin;Синклитикия Святославовна Горшкова
307;veselovmili;Тарасов Якуб Бориславович
308;spartakfomichev;Воробьев Боян Виленович
309;juvenali_54;Кириллова Дарья Мироновна
310;muhinamargarita;Андрей Фомич Дементьев
311;popovnarkis;Денисов Федосий Ефимьевич
312;veniamin_40;Николаев Милован Богданович
313;simonovaanastasija;Назарова Лора Михайловна
314;onufrikozlov;Милица Оскаровна Богданова
315;ftihonova;Галкин Кузьма Абрамович
316;seliverst2018;Милан Владленович Комаров
317;simonovgeorgi;Таисия Александровна Соболева
318;achernova;Григорьева Надежда Андреевна
319;qandreev;Муравьев Автоном Ильич
320;timofeevaljubov;Эдуард Германович Силин
321;efimsokolov;Марина Харитоновна Быкова
322;bronislav_1995;Глафира Станиславовна Гришина
323;kuznetsovspartak;Ия Валентиновна Горшкова
324;mkolesnikova;Одинцова Феврония Евгеньевна
325;zaharovmaksim;Ипполит Владиславович Николаев
326;xantonov;Моисей Жанович Белоусов
327;ostromirovchinnikov;Светлана Артемовна Дмитриева
328;olimpi_29;Гордеева Анастасия Александровна
329;lebedevirakli;Емельянов Владилен Теймуразович
330;smirnovfedot;Борис Эдгардович Рябов
331;ladimirbeljaev;Кулакова Прасковья Васильевна
332;avtonom1980;Осипов Аркадий Ефимович
333;egorbogdanov;Гришин Леонтий Терентьевич
334;veselovamarfa;Агата Васильевна Мясникова
335;ziminaregina;Игнатьев Всеволод Демидович
336;zaharovgorde;Кабанова Надежда Наумовна
337;guri34;Матвеев Ананий Тимурович
338;grishinalidija;Суворова Лидия Филипповна
339;fedosi2019;Исаев Радислав Ярославович
340;mishinmir;Агата Сергеевна Прохорова
341;naumfomin;Куликова Прасковья Яковлевна
342;ostapkazakov;Илья Геннадиевич Большаков
343;igor_1991;Давыд Гурьевич Евсеев
344;bbelousova;Дорофеев Мартын Марсович
345;safonovsokrat;Клавдия Макаровна Горбунова
346;korolevprokl;Селиван Якубович Евдокимов
347;svjatoslav_13;Ксения Павловна Кузьмина
348;savinemmanuil;Валерьян Фёдорович Бобров
349;fedotovgorde;Софрон Артёмович Прохоров
350;hshilova;Ладислав Харламович Воронов
351;vladlen_54;Муравьев Лука Богданович
352;nosovharlampi;Медведева Наина Андреевна
353;lukinanonna;Ирина Афанасьевна Панова
354;marfa_21;Бурова Александра Георгиевна
355;rodionovagap;Колесникова Нонна Евгеньевна
356;antip04;Олимпиада Альбертовна Титова
357;tmelnikov;Воронова Фёкла Мироновна
358;bnaumov;Корнилова Анжела Алексеевна
359;serge_2003;Быков Стоян Венедиктович
360;prokl2011;Орехова Надежда Львовна
361;zuevisidor;Агафья Вадимовна Селезнева
362;rozhkovgleb;Лучезар Гертрудович Кудряшов
363;kononovoleg;Эмилия Вениаминовна Некрасова
364;ija1998;Флорентин Филимонович Миронов
365;gusevmakar;Прасковья Харитоновна Захарова
366;panfilovostromir;Орехова Иванна Феликсовна
367;beljaevmartjan;Всеволод Викторович Смирнов
368;panfilovvladlen;Абрамова Зинаида Кирилловна
369;nikitinvisheslav;Мария Никифоровна Козлова
370;sevastjan_2003;Колесников Станислав Изотович
371;fedorovmiron;Ларионов Парамон Устинович
372;izot85;Якушева Прасковья Антоновна
373;pavel_2014;Исаев Поликарп Харитонович
374;qarhipov;Владимир Еремеевич Петухов
375;kbespalov;Елена Викторовна Лихачева
376;ivanna_12;Шарапова Мария Егоровна
377;zosimalarionov;Александра Геннадиевна Кулагина
378;sergeevpetr;Елизавета Богдановна Авдеева
379;rjurik_17;Платон Эдгарович Колобов
380;konstantin1975;Регина Игоревна Бобылева
381;merkushevadarja;Татьяна Игоревна Муравьева
382;ermakovagap;Моисей Гертрудович Иванов
383;jlobanov;Ильин Фрол Валентинович
384;petrbeljakov;Елисеева Лора Натановна
385;evlampi2012;Измаил Валерьевич Князев
386;trifon_83;Лобанов Адриан Захарьевич
387;nikolaevippolit;Милица Харитоновна Захарова
388;teterintaras;Дарья Львовна Хохлова
389;panfil_2017;Феликс Эдгарович Зиновьев
390;maksim57;Лукина Пелагея Мироновна
391;muhindemjan;Журавлев Поликарп Артёмович
392;nikandr_1970;Попов Агафон Андреевич
393;pavlovruslan;Хохлова Надежда Максимовна
394;akulina_1984;Носов Автоном Виленович
395;ermakovakim;Максим Анисимович Жданов
396;potapovavera;Харлампий Даниилович Максимов
397;seliverst_2013;Сафонова Татьяна Святославовна
398;feoktist_2014;Алевтина Михайловна Меркушева
399;evlampi_2005;Маргарита Макаровна Меркушева
400;qgushchin;Ермакова Алевтина Антоновна
401;valentin48;Тарасов Кондратий Аверьянович
402;bogdan_1975;г-н Марков Чеслав Ильясович
403;potap_1972;Иванова Фёкла Юльевна
404;filatovakira;Бобылев Агап Александрович
405;regina_86;Алла Валериевна Денисова
406;cheslavgromov;Пестова Нина Кузьминична
407;vitali_2009;Синклитикия Владиславовна Юдина
408;kapiton_2010;Гордеев Прохор Власович
409;mjasnikovadrian;Волков Эрнест Харламович
410;kolobovparfen;Натан Марсович Туров
411;paramon_2009;Фока Григорьевич Кононов
412;molchanovbojan;Евпраксия Константиновна Доронина
413;david1973;Анжела Кузьминична Гурьева
414;fedoseevfoma;Евдокия Геннадьевна Цветкова
415;btitov;Октябрина Яковлевна Прохорова
416;nonna_2012;Венедикт Александрович Филатов
417;viktorin_2009;Орехов Ермил Тарасович
418;julikazakov;тов. Григорьев Остап Георгиевич
419;zodintsov;Симонова Клавдия Владиславовна
420;margarita_2009;Семенов Епифан Юлианович
421;bogdan_38;Епифан Брониславович Беляков
422;avgustvlasov;Владислав Евсеевич Лобанов
423;militsa_65;Костин Прохор Вилорович
424;vladimir_12;Марфа Афанасьевна Сафонова
425;sila_2017;тов. Анисимов Клавдий Феодосьевич
426;denisovsolomon;Самсон Филатович Николаев
427;rozhkovladimir;Меркушев Касьян Елизарович
428;sokratsilin;Кира Богдановна Бирюкова
429;veronika_29;Ангелина Яковлевна Доронина
430;vladlenmihalov;Блинов Андрон Валентинович
431;anastasija_2011;Денисова Светлана Робертовна
432;olga1977;Баранов Корнил Авдеевич
433;david_2018;Любомир Ааронович Игнатов
434;azarilitkin;Прасковья Максимовна Мельникова
435;alla_2020;Шарапов Авдей Викентьевич
436;danilovfade;Наумов Нестор Артурович
437;kuprijangrigorev;Сергеев Радим Елисеевич
438;germanmuravev;Алина Леонидовна Тимофеева
439;korolevilarion;Мирослав Ефстафьевич Нестеров
440;vikenti1998;Савва Еремеевич Соловьев
441;emmanuil_1977;Аполлон Афанасьевич Князев
442;georgifedorov;Уваров Твердислав Изотович
443;gordeevippolit;Пахом Устинович Матвеев
444;erofekornilov;Кириллов Самуил Адамович
445;moiseevmilen;Козлов Станислав Юльевич
446;sofron_44;Козлова Василиса Вадимовна
447;sisoevilja;Вероника Анатольевна Соловьева
448;solomon1974;Рубен Васильевич Федоров
449;mechislav02;Автоном Федотович Кириллов
450;mishintrofim;Остап Анатольевич Кабанов
451;alekseevemeljan;Майя Анатольевна Кабанова
452;nikanorbelousov;Брагина Людмила Константиновна
453;kazakovkuprijan;Григорий Давыдович Марков
454;opotapova;Анисимов Моисей Брониславович
455;aleksandra26;Голубев Панкрат Артурович
456;akulina_1976;Феврония Вадимовна Котова
457;lihachevvadim;Федот Богданович Воронцов
458;frolpahomov;Святослав Димитриевич Копылов
459;kozlovarseni;Пелагея Тимуровна Иванова
460;ckonovalova;Мишина Любовь Андреевна
461;tihonafanasev;Муравьева Глафира Матвеевна
462;gsitnikov;Елена Яковлевна Федосеева
463;hristofor_60;Сорокина Людмила Валериевна
464;beljaevandre;Станислав Артёмович Дорофеев
465;harlampianisimov;Ефимов Самсон Тарасович
466;pkrilova;Матвеева Анна Львовна
467;glebjakushev;Фирс Давидович Комаров
468;sigizmundevseev;Агафонов Тимур Герасимович
469;blohinluchezar;Карпова Наина Станиславовна
470;nonna90;Селезнев Фортунат Ефстафьевич
471;matve_1998;Прохорова Нинель Игоревна
472;vsemil50;Силин Марк Ааронович
473;pimen_2015;Майя Аркадьевна Фролова
474;uzimin;Юлиан Гордеевич Шестаков
475;kuvarova;Януарий Фомич Громов
476;lavrentevevdokim;Богдан Ефстафьевич Морозов
477;blohinpahom;Зайцева Ксения Вячеславовна
478;borisovnatan;Кира Павловна Дроздова
479;medvedevmatve;Смирнова Ксения Егоровна
480;elena_1981;Владимиров Онуфрий Викторович
481;artem65;Прасковья Даниловна Ильина
482;izjaslav_44;Бобров Андрон Ефремович
483;savelevnikita;Кира Ильинична Шарова
484;ladimir1978;Князева Акулина Ждановна
485;kopilovnikola;Сидорова Ульяна Олеговна
486;clobanova;Кузнецов Дмитрий Аксёнович
487;varlaam_2004;Беляев Соломон Викентьевич
488;elizar2000;Сазонов Федот Власович
489;vladimir1987;Королев Сидор Гаврилович
490;lihachevkallistrat;Олимпиада Викторовна Боброва
491;ladislav1984;Горбачева Нинель Аскольдовна
492;seliverstovafevronija;Симонова Галина Филипповна
493;ignatovaivanna;Таисия Григорьевна Данилова
494;ignati29;Дьячков Исай Герасимович
495;dantonova;Константинова Валентина Кузьминична
496;pdanilov;Пелагея Альбертовна Красильникова
497;demid_1987;Сигизмунд Арсеньевич Ситников
498;mfilatov;тов. Калинина Прасковья Рудольфовна
499;marina2000;Давыдова Елизавета Степановна
500;burovaristarh;Эмилия Эдуардовна Рябова
501;sidorovtaras;Валентина Макаровна Тихонова
502;molchanovvissarion;Беляков Остромир Виленович
503;milan_1970;Олимпиада Григорьевна Колесникова
504;evdokim1993;Селиверстова Марфа Борисовна
505;jakovlevjuri;Флорентин Трофимович Кудряшов
506;onufri_2014;Наина Руслановна Рогова
507;kuprijanbirjukov;Ширяева Тамара Афанасьевна
508;naum49;Касьян Августович Николаев
509;alevtina_1997;Игнатьева Марина Аскольдовна
510;mihe1971;Суворов Вадим Викторович
511;matveevgremislav;Авдеев Михей Вилорович
512;prohor2005;Евфросиния Ильинична Ефремова
513;polina97;Семенов Потап Артемьевич
514;nefremov;Александров Амос Жанович
515;demid18;Ия Юрьевна Королева
516;aleksandra_40;Лукия Архиповна Белозерова
517;kuznetsovveniamin;Венедикт Терентьевич Харитонов
518;semenovtvorimir;Шашкова Жанна Кирилловна
519;kabanovasofija;Власова Галина Олеговна
520;tmakarova;Агафон Трифонович Поляков
521;kapustinladimir;Онуфрий Филатович Лебедев
522;aristarh84;Белозеров Назар Захарьевич
523;zikovakira;тов. Потапова Полина Викторовна
524;korolevagge;Гордеева Анна Эдуардовна
525;nikitakondratev;Владимир Герасимович Карпов
526;olegkondratev;Иванна Семеновна Лихачева
527;svetlana10;Ангелина Рубеновна Юдина
528;noskovtaras;Жанна Андреевна Цветкова
529;dorofeevaakulina;Наумов Венедикт Егорович
530;pankrati89;Ипатий Юльевич Горбунов
531;sila2011;Борислав Викторович Зуев
532;mihejakushev;Петухова Дарья Даниловна
533;potapivanov;Капустина Наталья Ждановна
534;ladimir31;Корнил Ефремович Кулаков
535;borisfomin;Лазарь Викентьевич Панфилов
536;dmitrievavalerija;Козлова Алина Артемовна
537;fokinselivan;Куликов Эммануил Иосипович
538;aleksandrovegor;Анжелика Константиновна Брагина
539;polikarp_2009;Беспалов Карп Валерьянович
540;gavrilovvarlaam;Кошелев Мстислав Федотович
541;aleksandra_1981;Никодим Демидович Макаров
542;ruslan_63;Назаров Аполлинарий Арсеньевич
543;azari_96;Шарапов Автоном Валерьевич
544;nikodim_1970;Никанор Августович Быков
545;arhip67;Аникита Эдуардович Евсеев
546;suvorovorest;Брагина Агата Романовна
547;leonid_1979;Зыков Добромысл Геннадиевич
548;gleb1992;Радим Харлампьевич Буров
549;ladimir_1985;София Аркадьевна Мельникова
550;gavrilovspartak;Лазарев Афанасий Ааронович
551;kostinanisim;Евгения Евгеньевна Колесникова
552;larisa_81;Веселов Любомир Тарасович
553;viktorinlihachev;Агафья Ждановна Трофимова
554;veronika_46;Нонна Константиновна Казакова
555;vorontsovnatan;Никита Игоревич Киселев
556;grigorimjasnikov;Нинель Рубеновна Доронина
557;suhanovparamon;Каллистрат Тарасович Рыбаков
558;ikuzmin;Олег Гурьевич Васильев
559;nikolaevevstigne;Кондратьев Любосмысл Демидович
560;apollonevseev;Бобылев Спиридон Иосифович
561;avde93;Лора Никифоровна Гордеева
562;pdorofeev;Рябов Зосима Давидович
563;borisovairina;Якушева Синклитикия Александровна
564;fsidorov;Авдеев Никанор Антонович
565;eduard93;Гусева Оксана Кирилловна
566;dementi_1988;Ананий Терентьевич Фомин
567;dorofestepanov;Денис Юлианович Селезнев
568;hchernova;Оксана Евгеньевна Тетерина
569;nikonovdavid;Родионов Юлиан Гурьевич
570;qsazonova;Антонин Бориславович Шубин
571;nestor1978;Федоров Сильвестр Вячеславович
572;ksenija10;Лукин Лазарь Феодосьевич
573;bkotov;Кононов Глеб Ермилович
574;marfa_82;Ия Даниловна Алексеева
575;vsavina;Савельева Милица Романовна
576;budimir_47;Варфоломей Демьянович Агафонов
577;cbelousov;Ангелина Наумовна Крылова
578;ladislavmamontov;Попов Тимофей Харлампович
579;lazarkolobov;Лариса Захаровна Кондратьева
580;sitnikovgedeon;Рыбаков Леонид Гертрудович
581;maja1979;Никонов Фока Богданович
582;denisartemev;Кузнецова Олимпиада Вадимовна
583;jakushevaskold;Авдеев Серафим Ефстафьевич
584;timofe_1989;Щукин Лучезар Анисимович
585;klavdija2019;Гостомысл Васильевич Жданов
586;sharovosip;Трофимов Гаврила Бенедиктович
587;mefodi1985;Зинаида Львовна Волкова
588;emmanuil_19;Лев Артёмович Бирюков
589;shirjaevmaksimiljan;Елизар Фролович Сафонов
590;maksim49;Лукина Лидия Богдановна
591;kopilovradovan;Никандр Германович Павлов
592;seleznevmoke;Голубева Екатерина Рубеновна
593;shirjaevkondrati;Ким Брониславович Васильев
594;nikodim_97;Ксения Феликсовна Горбунова
595;jakushevleonid;Максим Всеволодович Жданов
596;mjasnikovartemi;Авдеев Пимен Марсович
597;hohlovruslan;Терентьева Марфа Филипповна
598;lapinnikanor;Шарапов Леонид Авдеевич
599;marian_1974;Агафонова Таисия Никифоровна
600;dfokina;г-жа Васильева Зинаида Владиславовна
601;averki1971;Виталий Ефимович Лапин
602;ksamsonov;Красильникова Кира Наумовна
603;davidovprokl;Кузнецова Глафира Георгиевна
604;potapovalukija;Ширяева Раиса Георгиевна
605;zmamontov;Шестакова Фёкла Эльдаровна
606;novikovaantonina;Андреева Вера Алексеевна
607;velimir1987;Ангелина Кузьминична Гусева
608;paksenova;Никодим Ильич Коновалов
609;kornil_1982;Марфа Леоновна Киселева
610;azari86;Гуляева Татьяна Архиповна
611;zaharovratibor;Поликарп Еремеевич Агафонов
612;molchanovradislav;Дарья Архиповна Дорофеева
613;ustinovjuri;Соловьев Пимен Демьянович
614;adam2003;Дорофеев Фока Александрович
615;erofe_2012;Синклитикия Константиновна Шестакова
616;filatovefim;Сысоев Демьян Фролович
617;evgeni_1971;Андреева Вероника Станиславовна
618;mamontovaljubov;Виктор Теймуразович Родионов
619;ologinov;Пелагея Львовна Моисеева
620;glavrenteva;Лукия Вениаминовна Сергеева
621;afanasevandronik;Федорова Марина Григорьевна
622;zikovanina;Феврония Натановна Капустина
623;hristofor_67;Панфилова Василиса Робертовна
624;averkikiselev;Евдокия Рубеновна Некрасова
625;poljakovmitofan;Кузьмин Геннадий Егорович
626;oksana2018;Кондратьева Марфа Вячеславовна
627;agge42;Щербаков Радислав Феодосьевич
628;ipati_93;Христофор Елисеевич Терентьев
629;tarasovaalevtina;Епифан Давыдович Беляков
630;aleksestepanov;Игнатьев Леонтий Всеволодович
631;sevastjan2012;Оксана Евгеньевна Беляева
632;chernovvissarion;Спартак Архипович Русаков
633;paramon25;Рожков Панкратий Евсеевич
634;izmail_51;Нинель Аркадьевна Ларионова
635;boris30;Беляева Наталья Владиславовна
636;milirusakov;Смирнова Виктория Архиповна
637;birjukovkuprijan;тов. Макаров Рубен Федосьевич
638;lprohorova;Блинов Савватий Иосипович
639;lavrentevipati;Лукина Вероника Владиславовна
640;merkusheviosif;Меркушева Марина Эдуардовна
641;jakov61;Калашникова Лидия Тимуровна
642;aleksandra85;Афанасьева Мария Степановна
643;ponomarevmartin;Регина Ильинична Романова
644;gostomisl11;Олег Феодосьевич Нестеров
645;semensuvorov;Изот Егорович Ильин
646;ibobrova;Гаврилов Ефим Якубович
647;veronika_51;Борис Демидович Терентьев
648;zuevtihon;Аскольд Владиславович Русаков
649;matveevoleg;Виктория Владиславовна Рожкова
650;evseevanike;Григорьева Клавдия Дмитриевна
651;hariton47;Аникей Филиппович Юдин
652;shilovjakov;Капустин Максим Авдеевич
653;varvara2015;Зимина Агата Рудольфовна
654;kiselevsila;Костина Зоя Вячеславовна
655;grigorevelise;Савельева Регина Филипповна
656;iraida50;Аггей Харлампович Тетерин
657;mina_90;Ерофей Жанович Владимиров
658;komissarovkondrati;Регина Болеславовна Абрамова
659;belousovstanislav;Эраст Александрович Капустин
660;antip_1970;Ярополк Андреевич Вишняков
661;antonin38;Медведев Никодим Валерьевич
662;nikitaantonov;Геннадий Феофанович Мишин
663;bronislav99;Лыткина Глафира Евгеньевна
664;gorshkovamarina;Рогов Филимон Филиппович
665;mitofan96;Надежда Станиславовна Белова
666;szhukov;Лапин Азарий Матвеевич
667;gedeon1999;Селиван Марсович Афанасьев
668;fedotovgavrila;Алина Петровна Миронова
669;amos99;Павлов Любомир Бориславович
670;agafon1982;Владимирова Кира Аскольдовна
671;kuprijanalekseev;Георгий Виленович Жданов
672;filaret_46;Наумов Евдоким Германович
673;jan_84;Фадеев Егор Антипович
674;kzuev;Элеонора Филипповна Русакова
675;ija20;Соловьев Борис Исидорович
676;erofe1974;Дмитрий Эдгарович Беспалов
677;tverdislavkudrjashov;Харитонова Феврония Мироновна
678;ukulikov;Морозов Порфирий Фадеевич
679;maksim75;Гусев Ананий Ермилович
680;jakubpoljakov;Ангелина Александровна Шарова
681;romanovadarja;Ярополк Ярославович Козлов
682;viktorin_2019;Игнатьев Виктор Иосипович
683;stanimirnikitin;Анжела Руслановна Иванова
684;serge1984;Романов Корнил Яковлевич
685;davidovpavel;Варвара Харитоновна Харитонова
686;fedotovaeleonora;Матвеев Александр Абрамович
687;danilovaalevtina;Шарова Ирина Евгеньевна
688;ernstpahomov;Тихон Владиславович Данилов
689;kolesnikovevgeni;Глафира Сергеевна Гурьева
690;foka_1981;Прасковья Егоровна Фомина
691;kiselevafekla;Некрасов Мефодий Евсеевич
692;antoninermakov;Вишняков Андроник Тимурович
693;stojan01;Конон Дмитриевич Артемьев
694;dmitrievvatslav;Сазонов Трифон Геннадиевич
695;zhukovaevpraksija;Павлов Вячеслав Гаврилович
696;ksaveleva;Валерия Ивановна Никитина
697;gedeon_79;Котова Ульяна Руслановна
698;sergesharapov;Прохор Григорьевич Михайлов
699;tverdislav_34;Иванна Вадимовна Архипова
700;stojan82;Остромир Виленович Гуляев
701;rogovanadezhda;Нина Львовна Ершова
702;denis_1980;Данилов Адриан Егорович
703;knjazevviktor;Вениамин Харлампьевич Веселов
704;mironovnikanor;Авксентий Аверьянович Зайцев
705;prov43;Олимпиада Артемовна Щербакова
706;sofon_63;Евдокия Аркадьевна Уварова
707;tverdislav1988;Стоян Игнатович Ершов
708;vasilisokolov;Дорофей Артурович Комиссаров
709;gedeon_07;Олимпиада Львовна Галкина
710;aleksandrovaaleksandra;Адриан Германович Кулагин
711;nikiforovanisim;Афанасьева Галина Натановна
712;poljakovaanastasija;Терентий Артёмович Нестеров
713;bobilevalekse;Азарий Алексеевич Наумов
714;chernovaalevtina;Гордеева Надежда Валериевна
715;belovanadezhda;Устин Харитонович Медведев
716;erastefimov;Дмитриева Наина Архиповна
717;vasilisa20;Кузьма Борисович Филатов
718;dmelnikova;Фомина Пелагея Аркадьевна
719;longin_1974;Носкова Зинаида Юльевна
720;samolovdenis;Ратибор Валерьянович Королев
721;ivladimirova;Капустин Парамон Матвеевич
722;moise15;Фокина Ульяна Вячеславовна
723;guljaevaakulina;Виноградова Евгения Евгеньевна
724;dorofeevdobroslav;Ольга Константиновна Архипова
725;vjacheslav_95;Фёкла Даниловна Бобылева
726;samsonovanaina;Леон Всеволодович Игнатьев
727;serafimkapustin;Поляков Артемий Ааронович
728;dobromisl1979;Лукия Эльдаровна Андреева
729;stepanovaalla;Авдеева Екатерина Валентиновна
730;tvorimir1992;Галина Николаевна Гурьева
731;feofan_1990;Октябрина Владимировна Фокина
732;isidor_1978;Анисим Германович Власов
733;panfil_19;Светлана Афанасьевна Дементьева
734;fedorovanadezhda;Терентьева Лукия Максимовна
735;dobromisl_1988;Евдокимов Святослав Измаилович
736;afinogen_07;Галкин Давыд Чеславович
737;noskovgrigori;Мартынов Ладимир Якубович
738;pankrati_2008;Якушев Добромысл Тарасович
739;koshelevaklavdija;Козлова Анжелика Робертовна
740;mefodinikitin;Фомичева Василиса Федоровна
741;sfrolov;Наталья Евгеньевна Гущина
742;natalja46;Ипат Владиславович Самойлов
743;zoja2015;Федорова Регина Аскольдовна
744;ibespalov;Куликов Симон Давыдович
745;sobolevsilanti;Моисей Еремеевич Быков
746;suhanovkliment;Антонов Доброслав Юльевич
747;pankrati2007;Юрий Владиленович Муравьев
748;egorovvitali;Ипат Ефстафьевич Беспалов
749;kasjanzaharov;Юлия Натановна Фомина
750;jakov10;Ковалев Ефрем Захарьевич
751;fedoseevaevgenija;Ширяева Валентина Ждановна
752;trofimovgleb;Акулина Александровна Карпова
753;rjurik_40;Мельникова Ирина Святославовна
754;akulina_1970;Глафира Леонидовна Некрасова
755;karlkabanov;г-жа Маслова Алевтина Святославовна
756;kostinatatjana;Авдеева Анастасия Руслановна
757;jakov72;Кононова Зинаида Аскольдовна
758;stanislav1989;Поляков Ферапонт Арсеньевич
759;kabanovseliverst;Савельев Аникита Евстигнеевич
760;zhanna_26;Светлана Станиславовна Родионова
761;vorontsovjulian;Максимильян Васильевич Бобров
762;isidor_1991;Фёкла Захаровна Кузнецова
763;shashkoverofe;Ольга Наумовна Рогова
764;osipovspiridon;Сергей Арсенович Иванов
765;platon1984;Афанасьева Эмилия Михайловна
766;dpahomov;Дементий Вилорович Виноградов
767;evdokim2000;Афиноген Феликсович Костин
768;arhipovemeljan;Сысоев Парфен Терентьевич
769;semenbirjukov;Ладислав Бориславович Жданов
770;kononloginov;Иванова Евпраксия Владиславовна
771;strelkovaoktjabrina;Фадеева Олимпиада Валентиновна
772;maksim_05;Анна Николаевна Большакова
773;margarita_33;Сергей Артёмович Веселов
774;aleksandrovsamson;Лучезар Жанович Фомичев
775;vasilevostap;тов. Орлова Агата Тарасовна
776;kuprijan_77;Прокофий Фёдорович Лыткин
777;solovevaantonina;Хохлов Антип Демьянович
778;terentevalora;Святополк Гаврилович Зуев
779;mstislav87;Полина Натановна Лыткина
780;gromovvladlen;Елизавета Степановна Доронина
781;gushchinsvetozar;Сысоев Ананий Валерьевич
782;frol_1983;Сергеев Лонгин Гертрудович
783;tihonovatatjana;Власов Борис Захарьевич
784;mefodi26;Харитон Викторович Миронов
785;leonti79;Виноградова Виктория Владимировна
786;denisovaekaterina;Анжелика Григорьевна Тимофеева
787;guljaevbogdan;Красильников Никон Харлампович
788;pankratiodintsov;Афанасьева Кира Степановна
789;epifangromov;Комиссаров Боян Юльевич
790;kapustinkonon;Станимир Иосипович Корнилов
791;larionovvalerjan;Лапин Лавр Елизарович
792;fokarjabov;Беляков Владилен Федотович
793;rjabovvladimir;Изяслав Тарасович Силин
794;gennadi2014;Валерия Викторовна Сысоева
795;andre1997;Эдуард Игнатьевич Мишин
796;nikifor56;Наталья Егоровна Пестова
797;medvedevljubosmisl;Гаврилова Ксения Георгиевна
798;mblohina;Шаров Агафон Валентинович
799;nosovaolga;Волкова Октябрина Ждановна
800;cheslav_46;Третьякова Марфа Афанасьевна
801;marfa_96;Гурьева Лариса Руслановна
802;koshelevsemen;Александр Вячеславович Котов
803;kazimir88;Пономарев Гордей Владиленович
804;rusakovaantonina;Попова Наталья Вадимовна
805;veniaminlukin;Екатерина Святославовна Орехова
806;sharovjanuari;Казимир Иларионович Егоров
807;dobroslav_61;Суворов Филарет Давидович
808;hariton_1985;Харлампий Афанасьевич Зуев
809;fedotovamos;Пахомов Арсений Демидович
810;agata00;Антонина Афанасьевна Никитина
811;sokrat23;Маргарита Игоревна Симонова
812;vadim55;Третьяков Клавдий Афанасьевич
813;milovan12;Евстигней Зиновьевич Цветков
814;fdorofeev;Анисимов Всемил Васильевич
815;seliverstovasvetlana;Маслова Алевтина Архиповна
816;lidija64;Мечислав Валерианович Михайлов
817;vadim_1976;Маркова Ирина Максимовна
818;lapinignati;Парфен Ерофеевич Шаров
819;ostap2021;Титов Прокофий Арсеньевич
820;fedorovolimpi;Элеонора Андреевна Маслова
821;civanova;Устинова Зинаида Богдановна
822;doroninfoti;Ирина Романовна Васильева
823;volkovmoise;Нинель Ждановна Волкова
824;ruslan98;Артемьева Акулина Ефимовна
825;tvorimir1989;Карп Харлампович Меркушев
826;denis_1977;Кононов Арефий Афанасьевич
827;porfiri_75;Иннокентий Дорофеевич Макаров
828;seleznevaraisa;Лукия Ниловна Давыдова
829;izotdorofeev;Фомичева Феврония Феликсовна
830;kotovjaropolk;Дьячков Пимен Феликсович
831;avdeevelise;Лукьян Жоресович Тетерин
832;eleonora_99;Гуляева Ангелина Ефимовна
833;mihalovinnokenti;Потап Иларионович Вишняков
834;kazakovarkadi;Раиса Антоновна Архипова
835;orestsorokin;Милий Валерианович Жданов
836;ippolit2019;Лидия Степановна Гордеева
837;fedoseevaagata;Быков Соломон Ильясович
838;konstantin_1973;Вера Тарасовна Вишнякова
839;teterinfedosi;Лазарев Тарас Феофанович
840;alekseevagalina;Мстислав Яковлевич Гуляев
841;nikonovjakov;г-жа Иванова Олимпиада Афанасьевна
842;gurevaoktjabrina;Виктория Александровна Орехова
843;aleksandr59;Кудрявцева Ольга Филипповна
844;kiselevanonna;Остап Венедиктович Носков
845;bojan1993;Кабанова Алина Макаровна
846;lidija2003;Элеонора Альбертовна Емельянова
847;azari_1972;Игнатов Панкрат Георгиевич
848;vvoronov;Евдокия Игоревна Сорокина
849;arhip2006;Павел Захарьевич Новиков
850;doroninarefi;Нинель Васильевна Ширяева
851;zosimanosov;Калинина Евдокия Петровна
852;ishashkov;Осипов Панкратий Филатович
853;bogdan_41;Мария Владимировна Ширяева
854;vikentisamolov;Тамара Геннадиевна Наумова
855;konstantinovkornil;Аверкий Иосипович Жуков
856;prokofi_2019;Фомин Нифонт Тихонович
857;veselovaagafja;Мясникова Ирина Тимуровна
858;koshelevvissarion;Гришин Владлен Изотович
859;noskovafevronija;Архип Антонович Орехов
860;agata_1977;Котова Алла Валериевна
861;fedoseevtrifon;София Альбертовна Молчанова
862;irakli1988;Устинова Василиса Феликсовна
863;pavel1971;Пахомова Вера Вениаминовна
864;jgorbunova;Борисова Феврония Юрьевна
865;parfen2015;Милен Феоктистович Егоров
866;vikenti1976;Фадеева Раиса Ждановна
867;hariton1997;Ефрем Гордеевич Соколов
868;kazakovkirill;Мирон Денисович Воробьев
869;filaretkrilov;Творимир Геннадиевич Владимиров
870;anna_1987;тов. Тихонова Октябрина Владиславовна
871;zoja_2001;Екатерина Антоновна Евдокимова
872;glafira_56;Воронцова Анжелика Аскольдовна
873;drozdovorest;Кузнецов Ферапонт Богданович
874;aristarh2017;Зимин Доброслав Харитонович
875;averjan_2002;Марфа Викторовна Никонова
876;olegbelozerov;Васильев Пров Еремеевич
877;jlazarev;Зыков Панкрат Богданович
878;radim33;Радим Ермилович Баранов
879;gorbachevpavel;Будимир Всеволодович Носов
880;ratibor_13;Дмитриев Любосмысл Жанович
881;ivanovatamara;Рябова Светлана Натановна
882;januari92;Антип Дмитриевич Матвеев
883;kudrjavtsevtihon;Медведева Лариса Болеславовна
884;anzhelika30;Богданова Евгения Алексеевна
885;ikovaleva;Семен Ильясович Артемьев
886;anani_1990;Харитонов Прокл Юльевич
887;anna34;Гаврилова Евпраксия Тимуровна
888;uvarovafinogen;Венедикт Тихонович Кабанов
889;andronik2010;Лихачев Фрол Жанович
890;mironovsavvati;Горбачев Фрол Егорович
891;martjan2008;Ирина Антоновна Костина
892;sergeevvaleri;Калинина Валентина Мироновна
893;milenvoronov;Вероника Семеновна Гордеева
894;evdokimovazari;Федорова Пелагея Николаевна
895;savinaanzhelika;Миронова Мария Ивановна
896;mironfedotov;Королев Радислав Аксёнович
897;florentin_22;Чернова Ксения Альбертовна
898;gromovavarvara;Михеева Жанна Евгеньевна
899;aleksandrovakim;Ия Кузьминична Павлова
900;marian1970;Селиверстов Изот Витальевич
901;ilarion48;Ситникова Таисия Эдуардовна
902;saveli_2009;Ирина Романовна Ширяева
903;agap_64;Кузьма Изотович Васильев
904;viktorija_10;Юрий Андреевич Исаков
905;nguljaeva;Жданова Элеонора Оскаровна
906;juliangalkin;Синклитикия Архиповна Селиверстова
907;ffedorova;Иннокентий Герасимович Лобанов
908;potapsamolov;Зуев Герасим Яковлевич
909;dgurev;Крюков Спиридон Витальевич
910;radislav_2021;Тетерина Ираида Оскаровна
911;vasilevrostislav;Тарас Матвеевич Филатов
912;isakovviktor;Сидоров Порфирий Владиславович
913;fadedenisov;тов. Коновалов Евгений Антипович
914;gavrilovgeorgi;Никифоров Лаврентий Якубович
915;evpraksija_10;Русакова Антонина Захаровна
916;vladlen04;Майя Вадимовна Медведева
917;seliverstovevstafi;Новикова Регина Никифоровна
918;nikandr2016;Евсей Артемьевич Матвеев
919;sofron2008;Архипов Серафим Даниилович
920;pribakov;Максимильян Власович Баранов
921;hnaumova;Ефимов Фадей Гертрудович
922;ljubomir_2003;Авксентий Ефремович Жуков
923;oleg2012;Ермил Филимонович Пахомов
924;ranisimov;Евграф Игнатьевич Шарапов
925;longin21;Аверкий Федосеевич Филиппов
926;darja_2012;Авдей Геннадиевич Цветков
927;evgraf2020;Влас Аверьянович Зимин
928;krjukovnikifor;г-жа Гущина Зоя Тарасовна
929;arhip61;Прохор Феоктистович Одинцов
930;valentin_46;Тарас Тимурович Блинов
931;arefimelnikov;Афанасьева Регина Тимофеевна
932;taisija_2016;Галина Антоновна Давыдова
933;sharitonova;Мария Григорьевна Кулагина
934;ershovostromir;Архипова Эмилия Наумовна
935;ipati2009;Филарет Изотович Борисов
936;popovaaleksandra;Алина Дмитриевна Елисеева
937;harlampi_80;Баранова Фёкла Романовна
938;sgromov;Петрова Акулина Оскаровна
939;svjatopolkisakov;Тихон Адамович Чернов
940;andreevmir;София Тарасовна Владимирова
941;sergeevaevpraksija;Лукия Матвеевна Волкова
942;erastkovalev;Блохина Любовь Егоровна
943;feoktistkapustin;Антонина Афанасьевна Журавлева
944;anzhelika_15;Колесников Фадей Феоктистович
945;afanasi2002;Гремислав Иосипович Сергеев
946;silinaksenija;Мясников Нифонт Архипович
947;kir91;Гостомысл Фомич Бирюков
948;mburov;Евгения Павловна Белозерова
949;evgenija2008;Юлиан Феодосьевич Федотов
950;vsemil_1978;Маслов Вышеслав Архипович
951;vera_00;Глафира Феликсовна Носкова
952;porfiri1997;Лариса Оскаровна Анисимова
953;jnosova;Козлов Эраст Марсович
954;samson02;Пестова Зинаида Геннадьевна
955;vnikolaev;Феврония Владимировна Юдина
956;marian_36;Ермолай Гурьевич Тимофеев
957;pimen_35;Зайцев Тит Чеславович
958;larisa_73;Селиверстов Гаврила Филиппович
959;vatslav56;Таисия Вячеславовна Шарова
960;egor_01;Адриан Аверьянович Николаев
961;visheslavsidorov;Регина Борисовна Абрамова
962;eduardvlasov;Шестакова Фёкла Кирилловна
963;elena_60;Ангелина Харитоновна Родионова
964;akimbolshakov;Крюков Мокей Григорьевич
965;raisa18;Харитон Фокич Гаврилов
966;emorozov;Александра Тимуровна Дьячкова
967;drozdovruben;Наумов Савва Ефремович
968;maslovanatalja;Архипова Ираида Альбертовна
969;frolisakov;Кира Федоровна Кузьмина
970;mihe_1987;Валентина Романовна Самсонова
971;rozhkovalidija;Ия Ефимовна Григорьева
972;nesterovaevfrosinija;Миронов Алексей Демьянович
973;ygordeev;Максимильян Юлианович Абрамов
974;arseni_97;Жданов Август Владленович
975;vorontsovajulija;Козлова Регина Тарасовна
976;ermil22;Петухов Устин Ааронович
977;nikon_1973;Лебедева Ангелина Леонидовна
978;efremnovikov;Сидорова Марина Рубеновна
979;nazarovaalla;Беляков Ферапонт Денисович
980;shashkovarefi;Наталья Евгеньевна Евдокимова
981;ratmir_1977;Соловьева Татьяна Яковлевна
982;adrianvoronov;Дементьев Лев Филиппович
983;dmitrievleonti;Чеслав Викентьевич Лыткин
984;juvenalimerkushev;Нонна Борисовна Логинова
985;parfenkornilov;Алла Мироновна Елисеева
986;marianbaranov;Одинцов Аполлон Фокич
987;isemenov;Блинов Валентин Феодосьевич
988;isamsonov;Бобылев Артем Харлампович
989;ribakovaekaterina;Родионова Виктория Григорьевна
990;noskovfoti;Бирюкова Таисия Кузьминична
991;wlobanova;Лапина Екатерина Геннадьевна
992;melnikovmoke;Макарова Пелагея Петровна
993;nlazarev;Леонтий Иосипович Семенов
994;ekrilova;Валерия Ильинична Быкова
995;bobilevfoti;Прохоров Адам Демидович
996;judinoleg;Баранова Зинаида Вадимовна
997;uvarovavgust;Никонова Евпраксия Геннадьевна
998;komarovuljan;Лев Елисеевич Гурьев
999;roman_1978;Медведева Ангелина Кузьминична
